Product Name,Product Price,Product Camera,Product RAM,Product ROM,Product Display,Product Processor,Product Color,Product Rating
realme P3x 5G,11499,50MP Rear Camera | 8MP Front Camera,6 GB RAM,128,17.07 cm (6.72 inch) Full HD Display,Dimensity 6400,Midnight Blue,4.4
realme P3x 5G,12999,50MP Rear Camera | 8MP Front Camera,8 GB RAM,128,17.07 cm (6.72 inch) Full HD Display,Dimensity 6400,Midnight Blue,4.4
realme 15x 5G,19999,50MP Rear Camera | 50MP Front Camera,8 GB RAM,256,17.27 cm (6.8 inch) Display,Dimensity 6300 6nm Octa-core chipset,Marine Blue,4.3
realme Narzo 80 Lite 5G,10312,50MP Rear Camera,4 GB RAM,128,16.94 cm (6.67 inch) Display,,Onyx Black,4.3
realme 15x 5G,16999,50MP Rear Camera | 50MP Front Camera,6 GB RAM,128,17.27 cm (6.8 inch) Display,Dimensity 6300 6nm Octa-core chipset,Marine Blue,4.4
realme Narzo 80 Lite 5G,10599,50MP Rear Camera,6 GB RAM,128,16.94 cm (6.67 inch) Display,,Crystal Purple,4.3
realme 15x 5G,16999,50MP Rear Camera | 50MP Front Camera,6 GB RAM,128,17.27 cm (6.8 inch) Display,Dimensity 6300 6nm Octa-core chipset,Maroon Red,4.4
realme P3x 5G,11999,50MP Rear Camera | 8MP Front Camera,6 GB RAM,128,17.07 cm (6.72 inch) Full HD Display,Dimensity 6400,Stellar Pink,4.4
realme Narzo 80 Lite 5G,10616,50MP Rear Camera,6 GB RAM,128,16.94 cm (6.67 inch) Display,,Onyx Black,4.3
realme P3 Lite 5G,10499,32MP Rear Camera | 8MP Front Camera,4 GB RAM,128,16.94 cm (6.67 inch) Display,Dimensity 6300,Purple Blossom,4.4
realme Narzo 80 Lite 5G,11698,50MP Rear Camera,4 GB RAM,128,16.94 cm (6.67 inch) Display,,Crystal Purple,4.3
realme 15 Pro 5G,33999,50MP + 50MP | 50MP Front Camera,8 GB RAM,256,17.27 cm (6.8 inch) Display,Snapdragon 7 Gen 4,Velvet Green,4.3
realme P3 Lite 5G,10499,32MP Rear Camera | 8MP Front Camera,4 GB RAM,128,16.94 cm (6.67 inch) Display,Dimensity 6300,Midnight Lily,4.4
realme 15 5G,27999,50MP + 8MP | 50MP Front Camera,8 GB RAM,256,17.27 cm (6.8 inch) Display,Mediatek Dimensity 7300+ 5G,Velvet Green,4.4
realme 15 Pro 5G,35999,50MP + 50MP | 50MP Front Camera,12 GB RAM,256,17.27 cm (6.8 inch) Display,Snapdragon 7 Gen 4,Flowing Silver,4.3
realme P3x 5G,11999,50MP Rear Camera | 8MP Front Camera,6 GB RAM,128,17.07 cm (6.72 inch) Full HD Display,Dimensity 6400,Lunar Silver,4.4
realme P3 5G,15999,50MP + 2MP | 16MP Front Camera,6 GB RAM,128,16.94 cm (6.67 inch) Full HD+ Display,6 Gen 4,Space Silver,4.4
realme 15 5G,27999,50MP + 8MP | 50MP Front Camera,8 GB RAM,256,17.27 cm (6.8 inch) Display,Mediatek Dimensity 7300+ 5G,Silk Pink,4.4
realme 14 Pro+ 5G,24999,50MP + 50MP + 8MP | 32MP Front Camera,8 GB RAM,256,17.35 cm (6.83 inch) Display,7s Gen 3 Mobile Platform,Emerald Drift,4.4
realme 15T 5G,22999,50MP + 2MP | 50MP Front Camera,8 GB RAM,256,16.69 cm (6.57 inch) Full HD Display,MediaTek Dimensity 6400 MAX,Flowing Silver,4.3
realme P4 5G,17999,50MP + 8MP | 16MP Front Camera,6 GB RAM,128,17.2 cm (6.77 inch) Display,Mediatek Dimensity 7400,Engine Blue,4.4
realme 15x 5G,17999,50MP Rear Camera | 50MP Front Camera,8 GB RAM,128,17.27 cm (6.8 inch) Display,Dimensity 6300 6nm Octa-core chipset,Marine Blue,4.3
realme P3 5G,15999,50MP + 2MP | 16MP Front Camera,6 GB RAM,128,16.94 cm (6.67 inch) Full HD+ Display,6 Gen 4,Nebula Pink,4.4
realme 15 Pro 5G,31999,50MP + 50MP | 50MP Front Camera,8 GB RAM,128,17.27 cm (6.8 inch) Display,Snapdragon 7 Gen 4,Flowing Silver,4.3
realme P4 5G,18999,50MP + 8MP | 16MP Front Camera,8 GB RAM,128,17.2 cm (6.77 inch) Display,Mediatek Dimensity 7400,Forge Red,4.4
realme 15x 5G,16999,50MP Rear Camera | 50MP Front Camera,6 GB RAM,128,17.27 cm (6.8 inch) Display,Dimensity 6300 6nm Octa-core chipset,Aqua Blue,4.4
realme P3 Lite 5G,11499,32MP Rear Camera | 8MP Front Camera,6 GB RAM,128,16.94 cm (6.67 inch) Display,Dimensity 6300,Lily White,4.4
realme 14 Pro+ 5G,29999,50MP + 50MP + 8MP | 32MP Front Camera,12 GB RAM,512,17.35 cm (6.83 inch) Display,7s Gen 3 Mobile Platform,Suede Grey,4.4
realme 15 5G,25999,50MP + 8MP | 50MP Front Camera,8 GB RAM,128,17.27 cm (6.8 inch) Display,Mediatek Dimensity 7300+ 5G,Velvet Green,4.4
realme 15 Pro 5G,35999,50MP + 50MP | 50MP Front Camera,12 GB RAM,256,17.27 cm (6.8 inch) Display,Snapdragon 7 Gen 4,Velvet Green,4.3
realme P4 Pro 5G,25999,50MP + 8MP | 50MP Front Camera,8 GB RAM,256,17.27 cm (6.8 inch) Display,Snapdragon 7 Gen 4 Mobile,Dark Oak Wood,4.4
realme Narzo 80x 5G,11660,50MP Rear Camera,6 GB RAM,128,17.07 cm (6.72 inch) Display,,Sunlit Gold,4.2
realme P4 5G,17999,50MP + 8MP | 16MP Front Camera,6 GB RAM,128,17.2 cm (6.77 inch) Display,Mediatek Dimensity 7400,Forge Red,4.4
realme P3x 5G,12999,50MP Rear Camera | 8MP Front Camera,8 GB RAM,128,17.07 cm (6.72 inch) Full HD Display,Dimensity 6400,Stellar Pink,4.4
realme P3 Pro 5G,19999,50MP + 2MP | 16MP Front Camera,8 GB RAM,256,17.35 cm (6.83 inch) Display,7s Gen 3 Mobile Platform,Nebula Glow,4.4
realme Narzo 80x 5G,12878,50MP Rear Camera,8 GB RAM,128,17.07 cm (6.72 inch) Display,,Deep Ocean,4.2
realme P3 Pro 5G,19999,50MP + 2MP | 16MP Front Camera,8 GB RAM,256,17.35 cm (6.83 inch) Display,7s Gen 3 Mobile Platform,Galaxy Purple,4.4
realme P4 Pro 5G,25999,50MP + 8MP | 50MP Front Camera,8 GB RAM,256,17.27 cm (6.8 inch) Display,Snapdragon 7 Gen 4 Mobile,Midnight Ivy,4.4
realme P3 Ultra 5G,23999,50MP + 8MP | 16MP Front Camera,12 GB RAM,256,17.35 cm (6.83 inch) Display,Dimensity 8350 Ultra,Orion Red,4.5
realme 14 Pro+ 5G,26999,50MP + 50MP + 8MP | 32MP Front Camera,12 GB RAM,256,17.35 cm (6.83 inch) Display,7s Gen 3 Mobile Platform,Suede Grey,4.4
realme P4 Pro 5G,23999,50MP + 8MP | 50MP Front Camera,8 GB RAM,128,17.27 cm (6.8 inch) Display,Snapdragon 7 Gen 4 Mobile,Midnight Ivy,4.4
realme P3 5G,16999,50MP + 2MP | 16MP Front Camera,8 GB RAM,128,16.94 cm (6.67 inch) Full HD+ Display,6 Gen 4,Space Silver,4.4
realme 15 5G,25999,50MP + 8MP | 50MP Front Camera,8 GB RAM,128,17.27 cm (6.8 inch) Display,Mediatek Dimensity 7300+ 5G,Silk Pink,4.4
realme P4 5G,18999,50MP + 8MP | 16MP Front Camera,8 GB RAM,128,17.2 cm (6.77 inch) Display,Mediatek Dimensity 7400,Engine Blue,4.4
realme Narzo 80x 5G,12600,50MP Rear Camera,8 GB RAM,128,17.07 cm (6.72 inch) Display,,Sunlit Gold,4.2
realme P4 5G,18999,50MP + 8MP | 16MP Front Camera,8 GB RAM,128,17.2 cm (6.77 inch) Display,Mediatek Dimensity 7400,Steel Grey,4.4
realme P3x 5G,12499,50MP Rear Camera | 8MP Front Camera,8 GB RAM,128,17.07 cm (6.72 inch) Full HD Display,Dimensity 6400,Lunar Silver,4.4
realme Narzo 80x 5G,11837,50MP Rear Camera,6 GB RAM,128,17.07 cm (6.72 inch) Display,,Deep Ocean,4.2
realme P3 Pro 5G,19999,50MP + 2MP | 16MP Front Camera,8 GB RAM,256,17.35 cm (6.83 inch) Display,7s Gen 3 Mobile Platform,Saturn Brown,4.4
realme 14 Pro+ 5G,28999,50MP + 50MP + 8MP | 32MP Front Camera,8 GB RAM,256,17.35 cm (6.83 inch) Display,7s Gen 3 Mobile Platform,Pearl White,4.4
realme P3 Lite 5G,11499,32MP Rear Camera | 8MP Front Camera,6 GB RAM,128,16.94 cm (6.67 inch) Display,Dimensity 6300,Midnight Lily,4.4
realme 15T 5G,24999,50MP + 2MP | 50MP Front Camera,12 GB RAM,256,16.69 cm (6.57 inch) Full HD Display,MediaTek Dimensity 6400 MAX,Flowing Silver,4.2
realme 14 Pro+ 5G,29999,50MP + 50MP + 8MP | 32MP Front Camera,12 GB RAM,512,17.35 cm (6.83 inch) Display,7s Gen 3 Mobile Platform,Pearl White,4.4
realme Narzo N65 5G,11599,50MP Rear Camera,6 GB RAM,128,16.94 cm (6.67 inch) Display,,Ambr Gold,4.3
realme P3 Pro 5G,18999,50MP + 2MP | 16MP Front Camera,8 GB RAM,128,17.35 cm (6.83 inch) Display,7s Gen 3 Mobile Platform,Nebula Glow,4.4
realme P4 Pro 5G,25999,50MP + 8MP | 50MP Front Camera,8 GB RAM,256,17.27 cm (6.8 inch) Display,Snapdragon 7 Gen 4 Mobile,Dark Oak Wood,4.4
realme 13 5G,15699,50MP + 2MP | 16MP Front Camera,8 GB RAM,128,17.07 cm (6.72 inch) Full HD+ Display,Dimensity 6300,Dark Purple,4.3
realme P3 5G,16999,50MP + 2MP | 16MP Front Camera,8 GB RAM,128,16.94 cm (6.67 inch) Full HD+ Display,6 Gen 4,Comet Grey,4.4
realme P3 5G,18499,50MP + 2MP | 16MP Front Camera,8 GB RAM,256,16.94 cm (6.67 inch) Full HD+ Display,6 Gen 4,Space Silver,4.4
realme C73 5G,9988,32MP Rear Camera | 8MP Front Camera,4 GB RAM,64,16.94 cm (6.67 inch) HD+ Display,Dimensity 6300,Onyx Black,4.2
realme 15 Pro 5G,31999,50MP + 50MP | 50MP Front Camera,8 GB RAM,128,17.27 cm (6.8 inch) Display,Snapdragon 7 Gen 4,Velvet Green,4.3
realme P3 Lite 5G,10499,32MP Rear Camera | 8MP Front Camera,4 GB RAM,128,16.94 cm (6.67 inch) Display,Dimensity 6300,Lily White,4.4
realme P3 Pro 5G,23999,50MP + 2MP | 16MP Front Camera,12 GB RAM,256,17.35 cm (6.83 inch) Display,7s Gen 3 Mobile Platform,Nebula Glow,4.4
realme P3 Pro 5G,18999,50MP + 2MP | 16MP Front Camera,8 GB RAM,128,17.35 cm (6.83 inch) Display,7s Gen 3 Mobile Platform,Saturn Brown,4.4
realme 15 Pro 5G,38999,50MP + 50MP | 50MP Front Camera,12 GB RAM,512,17.27 cm (6.8 inch) Display,Snapdragon 7 Gen 4,Flowing Silver,4.3
realme 15 Pro 5G,35999,50MP + 50MP | 50MP Front Camera,12 GB RAM,256,17.27 cm (6.8 inch) Display,Snapdragon 7 Gen 4,Silk Purple,4.3
realme 15x 5G,17999,50MP Rear Camera | 50MP Front Camera,8 GB RAM,128,17.27 cm (6.8 inch) Display,Dimensity 6300 6nm Octa-core chipset,Aqua Blue,4.3
realme P3 Ultra 5G,23999,50MP + 8MP | 16MP Front Camera,12 GB RAM,256,17.35 cm (6.83 inch) Display,Dimensity 8350 Ultra,Orion Red,4.5
realme 15x 5G,17999,50MP Rear Camera | 50MP Front Camera,8 GB RAM,128,17.27 cm (6.8 inch) Display,Dimensity 6300 6nm Octa-core chipset,Maroon Red,4.3
realme P4 Pro 5G,23999,50MP + 8MP | 50MP Front Camera,8 GB RAM,128,17.27 cm (6.8 inch) Display,Snapdragon 7 Gen 4 Mobile,Midnight Ivy,4.4
realme P4 Pro 5G,25999,50MP + 8MP | 50MP Front Camera,8 GB RAM,256,17.27 cm (6.8 inch) Display,Snapdragon 7 Gen 4 Mobile,Midnight Ivy,4.4
realme P3 5G,16999,50MP + 2MP | 16MP Front Camera,8 GB RAM,128,16.94 cm (6.67 inch) Full HD+ Display,6 Gen 4,Nebula Pink,4.4
realme P3 Lite 5G,10499,32MP Rear Camera | 8MP Front Camera,4 GB RAM,128,16.94 cm (6.67 inch) Display,Dimensity 6300,Lily White,4.4
realme P3 5G,16999,50MP + 2MP | 16MP Front Camera,8 GB RAM,128,16.94 cm (6.67 inch) Full HD+ Display,6 Gen 4,Comet Grey,4.4
realme P3 5G,18499,50MP + 2MP | 16MP Front Camera,8 GB RAM,256,16.94 cm (6.67 inch) Full HD+ Display,6 Gen 4,Space Silver,4.4
realme 14x 5G,14999,50MP Rear Camera | 8MP Front Camera,6 GB RAM,128,16.94 cm (6.67 inch) HD+ Display,Dimensity 6300,Crystal Black,4.3
realme 15 Pro 5G,38999,50MP + 50MP | 50MP Front Camera,12 GB RAM,512,17.27 cm (6.8 inch) Display,Snapdragon 7 Gen 4,Flowing Silver,4.3
realme C75 5G,13490,32MP Rear Camera | 8MP Front Camera,6 GB RAM,128,16.94 cm (6.67 inch) HD+ Display,Dimensity 6300,Midnight Lily,4.4
realme 15 Pro 5G,31999,50MP + 50MP | 50MP Front Camera,8 GB RAM,128,17.27 cm (6.8 inch) Display,Snapdragon 7 Gen 4,Velvet Green,4.3
realme P3 Pro 5G,23999,50MP + 2MP | 16MP Front Camera,12 GB RAM,256,17.35 cm (6.83 inch) Display,7s Gen 3 Mobile Platform,Nebula Glow,4.4
realme P3 Pro 5G,18999,50MP + 2MP | 16MP Front Camera,8 GB RAM,128,17.35 cm (6.83 inch) Display,7s Gen 3 Mobile Platform,Saturn Brown,4.4
realme P3 Ultra 5G,21999,50MP + 8MP | 16MP Front Camera,8 GB RAM,128,17.35 cm (6.83 inch) Display,Dimensity 8350 Ultra,Glowing Lunar White,4.4
realme 15 Pro 5G,35999,50MP + 50MP | 50MP Front Camera,12 GB RAM,256,17.27 cm (6.8 inch) Display,Snapdragon 7 Gen 4,Silk Purple,4.3
realme P4 Pro 5G,23999,50MP + 8MP | 50MP Front Camera,8 GB RAM,128,17.27 cm (6.8 inch) Display,Snapdragon 7 Gen 4 Mobile,Birch Wood,4.4
realme 15x 5G,17999,50MP Rear Camera | 50MP Front Camera,8 GB RAM,128,17.27 cm (6.8 inch) Display,Dimensity 6300 6nm Octa-core chipset,Aqua Blue,4.3
realme 15x 5G,17999,50MP Rear Camera | 50MP Front Camera,8 GB RAM,128,17.27 cm (6.8 inch) Display,Dimensity 6300 6nm Octa-core chipset,Maroon Red,4.3
realme C75 5G,13997,32MP Rear Camera | 8MP Front Camera,6 GB RAM,128,16.94 cm (6.67 inch) HD+ Display,Dimensity 6300,Lily White,4.4
realme C63 5G,10999,32MP Rear Camera | 8MP Front Camera,6 GB RAM,128,16.94 cm (6.67 inch) HD+ Display,Dimensity 6300,Forest Green,4.5
realme P3 5G,16999,50MP + 2MP | 16MP Front Camera,8 GB RAM,128,16.94 cm (6.67 inch) Full HD+ Display,6 Gen 4,Nebula Pink,4.4
realme P3 Ultra 5G,21999,50MP + 8MP | 16MP Front Camera,8 GB RAM,128,17.35 cm (6.83 inch) Display,Dimensity 8350 Ultra,Orion Red,4.4
realme 14x 5G,14999,50MP Rear Camera | 8MP Front Camera,6 GB RAM,128,16.94 cm (6.67 inch) HD+ Display,Dimensity 6300,Jewel Red,4.3
realme 15 5G,27999,50MP + 8MP | 50MP Front Camera,8 GB RAM,256,17.27 cm (6.8 inch) Display,Mediatek Dimensity 7300+ 5G,Flowing Silver,4.4
realme 14x 5G,14999,50MP Rear Camera | 8MP Front Camera,6 GB RAM,128,16.94 cm (6.67 inch) HD+ Display,Dimensity 6300,Golden Glow,4.3
realme P3 Lite 5G,11499,32MP Rear Camera | 8MP Front Camera,6 GB RAM,128,16.94 cm (6.67 inch) Display,Dimensity 6300,Purple Blossom,4.4
realme C63 5G,12999,32MP Rear Camera | 8MP Front Camera,8 GB RAM,128,16.94 cm (6.67 inch) HD+ Display,Dimensity 6300,Forest Green,4.4
realme 13 Pro+ 5G,26998,50MP + 8MP + 50MP | 32MP Front Camera,12 GB RAM,256,17.02 cm (6.7 inch) Full HD+ Display,Snapdragon 7s Gen2,Monet Gold,4.4
realme C63 5G,10999,32MP Rear Camera | 8MP Front Camera,6 GB RAM,128,16.94 cm (6.67 inch) HD+ Display,Dimensity 6300,Starry Gold,4.5
realme 15 5G,29999,50MP + 8MP | 50MP Front Camera,12 GB RAM,256,17.27 cm (6.8 inch) Display,Mediatek Dimensity 7300+ 5G,Flowing Silver,4.4
realme C73 5G,10499,32MP Rear Camera | 8MP Front Camera,4 GB RAM,64,16.94 cm (6.67 inch) HD+ Display,Dimensity 6300,Jade Green,4.2
realme 14 Pro 5G,24999,50MP + 2MP | 16MP Front Camera,8 GB RAM,128,17.2 cm (6.77 inch) Full HD+ Display,Dimensity 7300 Energy,Jaipur Pink,4.4
realme C75 5G,12899,32MP Rear Camera | 8MP Front Camera,4 GB RAM,128,16.94 cm (6.67 inch) HD+ Display,Dimensity 6300,Purple Blossom,4.2
realme C75 5G,12899,32MP Rear Camera | 8MP Front Camera,4 GB RAM,128,16.94 cm (6.67 inch) HD+ Display,Dimensity 6300,Midnight Lily,4.2
realme P4 Pro 5G,27999,50MP + 8MP | 50MP Front Camera,12 GB RAM,256,17.27 cm (6.8 inch) Display,Snapdragon 7 Gen 4 Mobile,Midnight Ivy,4.4
realme P4 Pro 5G,23999,50MP + 8MP | 50MP Front Camera,8 GB RAM,128,17.27 cm (6.8 inch) Display,Snapdragon 7 Gen 4 Mobile,Dark Oak Wood,4.4
realme C73 5G,11349,32MP Rear Camera | 8MP Front Camera,4 GB RAM,128,16.94 cm (6.67 inch) HD+ Display,Dimensity 6300,Jade Green,4.2
realme 14x 5G,15999,50MP Rear Camera | 8MP Front Camera,8 GB RAM,128,16.94 cm (6.67 inch) HD+ Display,Dimensity 6300,Crystal Black,4.4
realme 13 Pro+ 5G,23947,50MP + 8MP + 50MP | 32MP Front Camera,8 GB RAM,256,17.02 cm (6.7 inch) Full HD+ Display,Snapdragon 7s Gen2,Monet Purple,4.4
realme 13 Pro 5G,21999,50MP + 8MP + 2MP | 32MP Front Camera,8 GB RAM,128,17.02 cm (6.7 inch) Full HD+ Display,Snapdragon 7s Gen2,Monet Gold,4.4
realme 14 Pro+ 5G,29999,50MP + 50MP + 8MP | 32MP Front Camera,8 GB RAM,128,17.35 cm (6.83 inch) Display,7s Gen 3 Mobile Platform,Suede Grey,4.4
realme P3 Ultra 5G,23999,50MP + 8MP | 16MP Front Camera,8 GB RAM,256,17.35 cm (6.83 inch) Display,Dimensity 8350 Ultra,Glowing Lunar White,4.4
realme 70 TURBO 5G,14999,50MP Rear Camera,6 GB RAM,128,16.94 cm (6.67 inch) Full HD+ Display,Segment's Fastest Dimensity 7300 Energy 5G Chipset,Turbo Purple,4.3
realme 13 Pro 5G,26447,50MP + 8MP + 2MP | 32MP Front Camera,12 GB RAM,512,17.02 cm (6.7 inch) Full HD+ Display,Snapdragon 7s Gen2,Monet Gold,4.3
realme C63 5G,10999,32MP Rear Camera | 8MP Front Camera,4 GB RAM,128,16.94 cm (6.67 inch) HD+ Display,Dimensity 6300,Starry Gold,4.4
realme P4 Pro 5G,27999,50MP + 8MP | 50MP Front Camera,12 GB RAM,256,17.27 cm (6.8 inch) Display,Snapdragon 7 Gen 4 Mobile,Dark Oak Wood,4.4
realme 13+ 5G,17927,50MP + 2MP | 16MP Front Camera,8 GB RAM,128,16.94 cm (6.67 inch) Full HD+ Display,Dimensity 7300 Energy,Dark Purple,4.3
realme P3 5G,15999,50MP + 2MP | 16MP Front Camera,6 GB RAM,128,16.94 cm (6.67 inch) Full HD+ Display,6 Gen 4,Comet Grey,4.4
realme 14 Pro+ 5G,28999,50MP + 50MP + 8MP | 32MP Front Camera,8 GB RAM,256,17.35 cm (6.83 inch) Display,7s Gen 3 Mobile Platform,Bikaner Purple,4.4
realme C75 5G,13999,32MP Rear Camera | 8MP Front Camera,6 GB RAM,128,16.94 cm (6.67 inch) HD+ Display,Dimensity 6300,Purple Blossom,4.4
realme 15 Pro 5G,33999,50MP + 50MP | 50MP Front Camera,8 GB RAM,256,17.27 cm (6.8 inch) Display,Snapdragon 7 Gen 4,Silk Purple,4.3
realme 13+ 5G,16990,50MP + 2MP | 16MP Front Camera,8 GB RAM,128,16.94 cm (6.67 inch) Full HD+ Display,Dimensity 7300 Energy,Victory Gold,4.3
realme NARZO N65 5G,12447,50MP Rear Camera,6 GB RAM,128,16.94 cm (6.67 inch) Display,,AMBER GOLD,4.3
realme Narzo N65 5G,11599,50MP Rear Camera,6 GB RAM,128,16.94 cm (6.67 inch) Display,,Ambr Gold,4.3
realme 14 Pro 5G,24999,50MP + 2MP | 16MP Front Camera,8 GB RAM,128,17.2 cm (6.77 inch) Full HD+ Display,Dimensity 7300 Energy,Jaipur Pink,4.4
realme C63 5G,12999,32MP Rear Camera | 8MP Front Camera,8 GB RAM,128,16.94 cm (6.67 inch) HD+ Display,Dimensity 6300,Starry Gold,4.4
realme 70 TURBO 5G,14484,50MP Rear Camera,6 GB RAM,128,16.94 cm (6.67 inch) Full HD+ Display,Segment's Fastest Dimensity 7300 Energy 5G Chipset,Turbo Green,4.3
realme P3 Pro 5G,18999,50MP + 2MP | 16MP Front Camera,8 GB RAM,128,17.35 cm (6.83 inch) Display,7s Gen 3 Mobile Platform,Nebula Glow,4.4
realme C63 5G,10999,32MP Rear Camera | 8MP Front Camera,6 GB RAM,128,16.94 cm (6.67 inch) HD+ Display,Dimensity 6300,Forest Green,4.5
realme C63 5G,10999,32MP Rear Camera | 8MP Front Camera,6 GB RAM,128,16.94 cm (6.67 inch) HD+ Display,Dimensity 6300,Starry Gold,4.5
realme 70 TURBO 5G,14999,50MP Rear Camera,6 GB RAM,128,16.94 cm (6.67 inch) Full HD+ Display,Segment's Fastest Dimensity 7300 Energy 5G Chipset,Turbo Purple,4.3
realme P3 Pro 5G,23999,50MP + 2MP | 16MP Front Camera,12 GB RAM,256,17.35 cm (6.83 inch) Display,7s Gen 3 Mobile Platform,Nebula Glow,4.4
realme C73 5G,11499,32MP Rear Camera | 8MP Front Camera,4 GB RAM,128,16.94 cm (6.67 inch) HD+ Display,Dimensity 6300,Crystal Purple,4.2
realme 12+ 5G,17499,50MP + 8MP + 2MP | 16MP Front Camera,8 GB RAM,128,16.94 cm (6.67 inch) Full HD+ Display,Dimensity 7050,Navigator Beige,4.3
realme C75 5G,12899,32MP Rear Camera | 8MP Front Camera,4 GB RAM,128,16.94 cm (6.67 inch) HD+ Display,Dimensity 6300,Purple Blossom,4.2
realme C75 5G,13490,32MP Rear Camera | 8MP Front Camera,6 GB RAM,128,16.94 cm (6.67 inch) HD+ Display,Dimensity 6300,Midnight Lily,4.4
realme C63 5G,10999,32MP Rear Camera | 8MP Front Camera,4 GB RAM,128,16.94 cm (6.67 inch) HD+ Display,Dimensity 6300,Starry Gold,4.4
realme C63 5G,12999,32MP Rear Camera | 8MP Front Camera,8 GB RAM,128,16.94 cm (6.67 inch) HD+ Display,Dimensity 6300,Forest Green,4.4
realme C63 5G,10999,32MP Rear Camera | 8MP Front Camera,4 GB RAM,128,16.94 cm (6.67 inch) HD+ Display,Dimensity 6300,Forest Green,4.4
realme NARZO N65 5G,11955,50MP Rear Camera,4 GB RAM,128,16.94 cm (6.67 inch) Display,,AMBER GOLD,4.3
realme C73 5G,10499,32MP Rear Camera | 8MP Front Camera,4 GB RAM,64,16.94 cm (6.67 inch) HD+ Display,Dimensity 6300,Jade Green,4.2
realme 13 Pro 5G,21999,50MP + 8MP + 2MP | 32MP Front Camera,8 GB RAM,128,17.02 cm (6.7 inch) Full HD+ Display,Snapdragon 7s Gen2,Monet Gold,4.4
realme C75 5G,13997,32MP Rear Camera | 8MP Front Camera,6 GB RAM,128,16.94 cm (6.67 inch) HD+ Display,Dimensity 6300,Lily White,4.4
realme 13+ 5G,17999,50MP + 2MP | 16MP Front Camera,8 GB RAM,128,16.94 cm (6.67 inch) Full HD+ Display,Dimensity 7300 Energy,Speed Green,4.3
realme P3 Pro 5G,19999,50MP + 2MP | 16MP Front Camera,8 GB RAM,256,17.35 cm (6.83 inch) Display,7s Gen 3 Mobile Platform,Galaxy Purple,4.4
realme 13 Pro 5G,26999,50MP + 8MP + 2MP | 32MP Front Camera,12 GB RAM,512,17.02 cm (6.7 inch) Full HD+ Display,Snapdragon 7s Gen2,Monet Purple,4.3
realme C73 5G,9988,32MP Rear Camera | 8MP Front Camera,4 GB RAM,64,16.94 cm (6.67 inch) HD+ Display,Dimensity 6300,Onyx Black,4.2
realme 12 5G,16999,108MP + 2MP | 8MP Front Camera,6 GB RAM,128,17.07 cm (6.72 inch) Full HD+ Display,Dimensity 6100+,Twilight Purple,4.4
realme 14 Pro Lite 5G,21999,50MP + 8MP + 2MP | 32MP Front Camera,8 GB RAM,128,17.02 cm (6.7 inch) Full HD+ Display,7s Gen2,Glass Gold,4.3
realme C73 5G,11328,32MP Rear Camera | 8MP Front Camera,4 GB RAM,128,16.94 cm (6.67 inch) HD+ Display,Dimensity 6300,Onyx Black,4.2
realme 13 5G,15699,50MP + 2MP | 16MP Front Camera,8 GB RAM,128,17.07 cm (6.72 inch) Full HD+ Display,Dimensity 6300,Dark Purple,4.3
realme 13+ 5G,18998,50MP + 2MP | 16MP Front Camera,8 GB RAM,256,16.94 cm (6.67 inch) Full HD+ Display,Dimensity 7300 Energy,Victory Gold,4.3
realme 13+ 5G,20990,50MP + 2MP | 16MP Front Camera,8 GB RAM,256,16.94 cm (6.67 inch) Full HD+ Display,Dimensity 7300 Energy,Dark Purple,4.3
realme 12 5G,17999,108MP + 2MP | 8MP Front Camera,8 GB RAM,128,17.07 cm (6.72 inch) Full HD+ Display,Dimensity 6100+,Woodland Green,4.3
realme 13 5G,15999,50MP + 2MP | 16MP Front Camera,8 GB RAM,128,17.07 cm (6.72 inch) Full HD+ Display,Dimensity 6300,Speed Green,4.3
realme 13 5G,15999,,8 GB RAM,256,17.07 cm (6.72 inch) Full HD+ Display,Dimensity 6300,Dark Purple,4.2
realme C75 5G,12899,32MP Rear Camera | 8MP Front Camera,4 GB RAM,128,16.94 cm (6.67 inch) HD+ Display,Dimensity 6300,Lily White,4.2
realme GT 7T,37999,50MP + 8MP | 32MP Front Camera,12 GB RAM,256,17.27 cm (6.8 inch) Full HD+ AMOLED Display,Dimensity 8400-MAX,IceSense Blue,4.5
realme GT 7T,37999,50MP + 8MP | 32MP Front Camera,12 GB RAM,256,17.27 cm (6.8 inch) Full HD+ AMOLED Display,Dimensity 8400-MAX,IceSense Black,4.5
realme GT 7T,41999,50MP + 8MP | 32MP Front Camera,12 GB RAM,512,17.27 cm (6.8 inch) Full HD+ AMOLED Display,Dimensity 8400-MAX,IceSense Black,4.5
realme GT 7T,37999,50MP + 8MP | 32MP Front Camera,12 GB RAM,256,17.27 cm (6.8 inch) Full HD+ AMOLED Display,Dimensity 8400-MAX,Racing Yellow,4.5
realme GT 7T,41999,50MP + 8MP | 32MP Front Camera,12 GB RAM,512,17.27 cm (6.8 inch) Full HD+ AMOLED Display,Dimensity 8400-MAX,IceSense Blue,4.5
realme 13 Pro+ 5G,25499,50MP + 8MP + 50MP | 32MP Front Camera,12 GB RAM,256,17.02 cm (6.7 inch) Full HD+ Display,Snapdragon 7s Gen2,Monet Gold,4.4
realme 13 5G,19999,50MP + 2MP | 16MP Front Camera,8 GB RAM,256,17.07 cm (6.72 inch) Full HD+ Display,Dimensity 6300,Speed Green,4.3
realme 13 5G,19999,50MP + 2MP | 16MP Front Camera,8 GB RAM,256,17.07 cm (6.72 inch) Full HD+ Display,Dimensity 6300,Dark Purple,4.3
realme 13 5G,16798,50MP + 2MP | 16MP Front Camera,8 GB RAM,256,17.07 cm (6.72 inch) Full HD+ Display,Dimensity 6300,Speed Green,4.2
realme C73 5G,11349,32MP Rear Camera | 8MP Front Camera,4 GB RAM,128,16.94 cm (6.67 inch) HD+ Display,Dimensity 6300,Jade Green,4.2
realme 13 Pro+ 5G,23947,50MP + 8MP + 50MP | 32MP Front Camera,8 GB RAM,256,17.02 cm (6.7 inch) Full HD+ Display,Snapdragon 7s Gen2,Monet Purple,4.4
realme GT 6T 5G,28990,50MP Rear Camera,8 GB RAM,128,17.22 cm (6.78 inch) Display,,Fluid Silver,4.5
realme 12+ 5G,19890,50MP + 8MP + 2MP | 16MP Front Camera,8 GB RAM,128,16.94 cm (6.67 inch) Full HD+ Display,Dimensity 7050,Pioneer Green,4.3
realme GT 7 Pro,49499,50MP Rear Camera,16 GB RAM,512,17.22 cm (6.78 inch) Display,,Galaxy Grey,4.5
realme 13 Pro 5G,30999,50MP + 8MP + 2MP | 32MP Front Camera,8 GB RAM,256,17.02 cm (6.7 inch) Full HD+ Display,Snapdragon 7s Gen2,Emerald Green,4.4
realme 13 Pro 5G,25000,50MP + 8MP + 2MP | 32MP Front Camera,8 GB RAM,128,17.02 cm (6.7 inch) Full HD+ Display,Snapdragon 7s Gen2,Emerald Green,4.4
realme 13+ 5G,16990,50MP + 2MP | 16MP Front Camera,8 GB RAM,128,16.94 cm (6.67 inch) Full HD+ Display,Dimensity 7300 Energy,Victory Gold,4.3
realme 12+ 5G,21990,50MP + 8MP + 2MP | 16MP Front Camera,8 GB RAM,256,16.94 cm (6.67 inch) Full HD+ Display,Dimensity 7050,Pioneer Green,4.3
realme Narzo N65 5G,13876,50MP Rear Camera,8 GB RAM,128,16.94 cm (6.67 inch) Display,,AMBER GOLD,4.2
realme NARZO N65 5G,11599,50MP Rear Camera,4 GB RAM,128,16.94 cm (6.67 inch) Display,,DEEP GREEN,4.3
realme GT 7T,34999,50MP + 8MP | 32MP Front Camera,8 GB RAM,256,17.27 cm (6.8 inch) Full HD+ AMOLED Display,Dimensity 8400-MAX,IceSense Black,4.4
realme GT 7T,34999,50MP + 8MP | 32MP Front Camera,8 GB RAM,256,17.27 cm (6.8 inch) Full HD+ AMOLED Display,Dimensity 8400-MAX,IceSense Blue,4.4
realme 13 Pro 5G,23998,50MP + 8MP + 2MP | 32MP Front Camera,8 GB RAM,256,17.02 cm (6.7 inch) Full HD+ Display,Snapdragon 7s Gen2,Monet Gold,4.4
realme 12 5G,16999,108MP + 2MP | 8MP Front Camera,6 GB RAM,128,17.07 cm (6.72 inch) Full HD+ Display,Dimensity 6100+,Green,4.4
realme GT 6T 5G,31499,50MP Rear Camera,12 GB RAM,256,17.22 cm (6.78 inch) Display,,Razor Green,4.5
realme GT 6T 5G,33447,50MP Rear Camera,12 GB RAM,512,17.22 cm (6.78 inch) Display,,Fluid Silver,4.5
realme GT 6T 5G,27990,50MP Rear Camera,8 GB RAM,256,17.22 cm (6.78 inch) Display,,Razor Green,4.5
realme GT 6T 5G,31499,50MP Rear Camera,12 GB RAM,256,17.22 cm (6.78 inch) Display,,Fluid Silver,4.5
realme C75 5G,13997,32MP Rear Camera | 8MP Front Camera,6 GB RAM,128,16.94 cm (6.67 inch) HD+ Display,Dimensity 6300,Lily White,4.4
realme GT NEO 3,23990,50MP + 8MP + 2MP | 16MP Front Camera,12 GB RAM,256,17.02 cm (6.7 inch) Full HD+ Display,Mediatek Dimensity 8100,150W) (Asphalt Black,4.2
realme 13+ 5G,21999,50MP + 2MP | 16MP Front Camera,12 GB RAM,256,16.94 cm (6.67 inch) Full HD+ Display,Dimensity 7300 Energy,Victory Gold,4.2
realme 13 Pro 5G,24000,50MP + 8MP + 2MP | 32MP Front Camera,8 GB RAM,128,17.02 cm (6.7 inch) Full HD+ Display,Snapdragon 7s Gen2,Monet Purple,4.4
realme 13+ 5G,20989,50MP + 2MP | 16MP Front Camera,12 GB RAM,256,16.94 cm (6.67 inch) Full HD+ Display,Dimensity 7300 Energy,Speed Green,4.2
realme GT 6T 5G,30899,50MP Rear Camera,12 GB RAM,256,17.22 cm (6.78 inch) Display,,Miracle Purple,4.5
realme 13+ 5G,18999,50MP + 2MP | 16MP Front Camera,8 GB RAM,256,16.94 cm (6.67 inch) Full HD+ Display,Dimensity 7300 Energy,Speed Green,4.3
realme 13+ 5G,17927,50MP + 2MP | 16MP Front Camera,8 GB RAM,128,16.94 cm (6.67 inch) Full HD+ Display,Dimensity 7300 Energy,Dark Purple,4.3
realme 13 Pro+ 5G,25999,50MP + 8MP + 50MP | 32MP Front Camera,8 GB RAM,256,17.02 cm (6.7 inch) Full HD+ Display,Snapdragon 7s Gen2,Emerald Green,4.4
realme GT 7 Pro,44998,50MP Rear Camera,12 GB RAM,256,17.22 cm (6.78 inch) Display,,Mars Orange,4.1
realme GT 7 Pro,44998,50MP Rear Camera,12 GB RAM,256,17.22 cm (6.78 inch) Display,,Grey,4.1
realme 13 Pro 5G,23999,50MP + 8MP + 2MP | 32MP Front Camera,8 GB RAM,256,17.02 cm (6.7 inch) Full HD+ Display,Snapdragon 7s Gen2,Monet Purple,4.4
realme GT 6T 5G,28800,50MP Rear Camera,8 GB RAM,256,17.22 cm (6.78 inch) Display,,Miracle Purple,4.5
realme Narzo N65 5G,12394,50MP Rear Camera,4 GB RAM,128,16.94 cm (6.67 inch) Display,,Deep Green,4.3
realme GT 6T 5G,27999,50MP Rear Camera,8 GB RAM,256,17.22 cm (6.78 inch) Display,,Fluid Silver,4.5
realme 13 Pro 5G,27999,50MP + 8MP + 2MP | 32MP Front Camera,12 GB RAM,512,17.02 cm (6.7 inch) Full HD+ Display,Snapdragon 7s Gen2,Emerald Green,4.3
realme P1 Speed 5G,18000,50MP + 2MP | 16MP Front Camera,12 GB RAM,256,16.94 cm (6.67 inch) Full HD+ Display,Dimensity 7300 Energy,Textured Titanium,4.3
realme GT 7 Pro,49499,50MP Rear Camera,16 GB RAM,512,17.22 cm (6.78 inch) Display,,Mars Orange,4.5
realme P1 Speed 5G,17350,50MP + 2MP | 16MP Front Camera,12 GB RAM,256,16.94 cm (6.67 inch) Full HD+ Display,Dimensity 7300 Energy,Brushed Blue,4.3
realme GT 6,28999,50MP + 8MP + 50MP | 32MP Front Camera,12 GB RAM,256,17.22 cm (6.78 inch) Full HD+ Display,8s Gen 3 Mobile Platform,Fluid Silver,4.5
realme GT 6,32999,50MP + 8MP + 50MP | 32MP Front Camera,16 GB RAM,512,17.22 cm (6.78 inch) Full HD+ Display,8s Gen 3 Mobile Platform,Razor Green,4.5
realme GT 6,27999,50MP + 8MP + 50MP | 32MP Front Camera,8 GB RAM,256,17.22 cm (6.78 inch) Full HD+ Display,8s Gen 3 Mobile Platform,Fluid Silver,4.5
realme 12 Pro+ 5G,22999,50MP + 8MP + 64MP | 32MP Front Camera,8 GB RAM,256,17.02 cm (6.7 inch) Full HD+ Display,Snapdragon 7s Gen 2,Submarine Blue,4.4
realme 12 Pro+ 5G,27899,50MP + 8MP + 64MP | 32MP Front Camera,8 GB RAM,256,17.02 cm (6.7 inch) Full HD+ Display,Snapdragon 7s Gen 2,Navigator Beige,4.4
realme GT 6,34999,50MP + 8MP + 50MP | 32MP Front Camera,12 GB RAM,256,17.22 cm (6.78 inch) Full HD+ Display,8s Gen 3 Mobile Platform,Razor Green,4.5
realme C65 5G,12989,50MP Rear Camera | 8MP Front Camera,6 GB RAM,128,16.94 cm (6.67 inch) HD+ Display,Dimensity 6300,Glowing Black,4.3
realme GT 7T,34999,50MP + 8MP | 32MP Front Camera,8 GB RAM,256,17.27 cm (6.8 inch) Full HD+ AMOLED Display,Dimensity 8400-MAX,Racing Yellow,4.4
realme 14T 5G,19999,50MP + 2MP | 16MP Front Camera,8 GB RAM,256,16.94 cm (6.67 inch) Full HD+ Display,Dimensity 6300,Surf Green,4.2
realme 13 Pro+ 5G,24449,50MP + 8MP + 50MP | 32MP Front Camera,8 GB RAM,256,17.02 cm (6.7 inch) Full HD+ Display,Snapdragon 7s Gen2,Monet Gold,4.4
realme 12 Pro+ 5G,29999,50MP + 8MP + 64MP | 32MP Front Camera,12 GB RAM,256,17.02 cm (6.7 inch) Full HD+ Display,Snapdragon 7s Gen 2,Explorer Red,4.5
realme GT 6,32999,50MP + 8MP + 50MP | 32MP Front Camera,16 GB RAM,512,17.22 cm (6.78 inch) Full HD+ Display,8s Gen 3 Mobile Platform,Fluid Silver,4.5
realme GT 6,27999,50MP + 8MP + 50MP | 32MP Front Camera,8 GB RAM,256,17.22 cm (6.78 inch) Full HD+ Display,8s Gen 3 Mobile Platform,Razor Green,4.5
realme 14T 5G,17998,50MP + 2MP | 16MP Front Camera,8 GB RAM,128,16.94 cm (6.67 inch) Full HD+ Display,Dimensity 6300,Surf Green,4.2
realme P1 5G,14999,50MP + 2MP | 16MP Front Camera,8 GB RAM,128,16.94 cm (6.67 inch) Full HD+ Display,Dimensity 7050,Phoenix Red,4.4
realme 12x 5G,13499,50MP + 2MP | 8MP Front Camera,8 GB RAM,128,17.07 cm (6.72 inch) Full HD+ Display,Dimensity 6100+,Twilight Purple,4.4
realme 14 Pro 5G,22999,50MP + 2MP | 16MP Front Camera,8 GB RAM,128,17.2 cm (6.77 inch) Full HD+ Display,Dimensity 7300 Energy,Grey,4.4
realme 12x 5G,11999,50MP + 2MP | 8MP Front Camera,4 GB RAM,128,17.07 cm (6.72 inch) Full HD+ Display,Dimensity 6100+,Green,4.1
realme 12x 5G,12499,50MP + 2MP | 8MP Front Camera,6 GB RAM,128,17.07 cm (6.72 inch) Full HD+ Display,Dimensity 6100+,Woodland Green,4.4
realme 12x 5G,12499,50MP + 2MP | 8MP Front Camera,6 GB RAM,128,17.07 cm (6.72 inch) Full HD+ Display,Dimensity 6100+,Twilight Purple,4.4
realme P2 Pro 5G,17999,50MP + 8MP | 32MP Front Camera,8 GB RAM,128,17.02 cm (6.7 inch) Full HD+ Display,7s Gen2,Eagle Grey,4.4
realme P2 Pro 5G,17999,50MP + 8MP | 32MP Front Camera,8 GB RAM,128,17.02 cm (6.7 inch) Full HD+ Display,7s Gen2,Parrot Green,4.4
realme 12 Pro+ 5G,29999,50MP + 8MP + 64MP | 32MP Front Camera,12 GB RAM,256,17.02 cm (6.7 inch) Full HD+ Display,Snapdragon 7s Gen 2,Navigator Beige,4.5
realme C65 5G,13989,50MP Rear Camera | 8MP + 8MP Dual Front Camera,8 GB RAM,128,16.94 cm (6.67 inch) HD+ Display,Dimensity 6300,Feather Green,4.3
realme P1 Speed 5G,15974,50MP + 2MP | 16MP Front Camera,8 GB RAM,128,16.94 cm (6.67 inch) Full HD+ Display,Dimensity 7300 Energy,Textured Titanium,4.3
realme 14T 5G,17984,50MP + 2MP | 16MP Front Camera,8 GB RAM,128,16.94 cm (6.67 inch) Full HD+ Display,Dimensity 6300,Obsidian Black,4.2
realme C73 5G,11327,32MP Rear Camera | 8MP Front Camera,4 GB RAM,64,16.94 cm (6.67 inch) HD+ Display,Dimensity 6300,Crystal Purple,4.2
realme 12 Pro+ 5G,29990,50MP + 8MP + 64MP | 32MP Front Camera,8 GB RAM,256,17.02 cm (6.7 inch) Full HD+ Display,Snapdragon 7s Gen 2,Explorer Red,4.4
realme 12x 5G,11999,50MP + 2MP | 8MP Front Camera,4 GB RAM,128,17.07 cm (6.72 inch) Full HD+ Display,Dimensity 6100+,Twilight Purple,4.1
realme narzo 50 5G,14999,48MP Rear Camera,4 GB RAM,128,16.76 cm (6.6 inch) Display,,Hyper Blue,4.3
realme P1 5G,14999,50MP + 2MP | 16MP Front Camera,8 GB RAM,128,16.94 cm (6.67 inch) Full HD+ Display,Dimensity 7050,Feather Blue,4.4
realme 12x 5G,13499,50MP + 2MP | 8MP Front Camera,8 GB RAM,128,17.07 cm (6.72 inch) Full HD+ Display,Dimensity 6100+,Woodland Green,4.4
realme P1 5G,13999,50MP + 2MP | 16MP Front Camera,6 GB RAM,128,16.94 cm (6.67 inch) Full HD+ Display,Dimensity 7050,Phoenix Red,4.4
realme P1 5G,14999,50MP + 2MP | 16MP Front Camera,8 GB RAM,128,16.94 cm (6.67 inch) Full HD+ Display,Dimensity 7050,Peacock Green,4.4
realme P1 5G,13999,50MP + 2MP | 16MP Front Camera,6 GB RAM,128,16.94 cm (6.67 inch) Full HD+ Display,Dimensity 7050,Peacock Green,4.4
realme 8 5G,16499,48MP + 2MP + 2MP | 16MP Front Camera,4 GB RAM,128,16.51 cm (6.5 inch) Full HD+ Display,MediaTek Dimensity 700 (MT6833),Supersonic Black,4.3
realme P1 5G,13999,50MP + 2MP | 16MP Front Camera,6 GB RAM,128,16.94 cm (6.67 inch) Full HD+ Display,Dimensity 7050,Feather Blue,4.4
realme 8 5G,15499,48MP + 2MP + 2MP | 16MP Front Camera,4 GB RAM,64,16.51 cm (6.5 inch) Full HD+ Display,MediaTek Dimensity 700 (MT6833),Supersonic Blue,4.3
realme P1 5G,13999,50MP + 2MP | 16MP Front Camera,6 GB RAM,128,16.94 cm (6.67 inch) Full HD+ Display,Dimensity 7050,Peacock Green,4.4
realme P1 5G,18999,50MP + 2MP | 16MP Front Camera,8 GB RAM,256,16.94 cm (6.67 inch) Full HD+ Display,Dimensity 7050,Peacock Green,4.4
realme narzo 50 5G,12990,48MP Rear Camera,4 GB RAM,64,16.76 cm (6.6 inch) Display,,Hyper Black,4.3
realme GT Neo 3T,18999,64MP + 8MP + 2MP | 16MP Front Camera,6 GB RAM,128,16.81 cm (6.62 inch) Full HD+ AMOLED Display,Qualcomm Snapdragon 870,Dash Yellow,4.3
realme GT NEO 3,23998,50MP + 8MP + 2MP | 16MP Front Camera,12 GB RAM,256,17.02 cm (6.7 inch) Full HD+ Display,Mediatek Dimensity 8100,150W) (Nitro Blue,4.2
realme GT Neo 3T,33999,64MP + 8MP + 2MP | 16MP Front Camera,8 GB RAM,256,16.81 cm (6.62 inch) Full HD+ AMOLED Display,Qualcomm Snapdragon 870,Drifting White,4.3
realme C65 5G,14400,50MP Rear Camera | 8MP Front Camera,8 GB RAM,128,16.94 cm (6.67 inch) HD+ Display,Dimensity 6300,Glowing Black,4.3
realme GT Neo 3T,31999,64MP + 8MP + 2MP | 16MP Front Camera,8 GB RAM,128,16.81 cm (6.62 inch) Full HD+ AMOLED Display,Qualcomm Snapdragon 870,Dash Yellow,4.3
realme GT Neo 3T,33999,64MP + 8MP + 2MP | 16MP Front Camera,8 GB RAM,256,16.81 cm (6.62 inch) Full HD+ AMOLED Display,Qualcomm Snapdragon 870,Dash Yellow,4.3
realme GT Neo 3T,17500,64MP + 8MP + 2MP | 16MP Front Camera,6 GB RAM,128,16.81 cm (6.62 inch) Full HD+ AMOLED Display,Qualcomm Snapdragon 870,Shade Black,4.3
realme 8 5G,15499,48MP + 2MP + 2MP | 16MP Front Camera,4 GB RAM,64,16.51 cm (6.5 inch) Full HD+ Display,MediaTek Dimensity 700 (MT6833),Supersonic Blue,4.3
realme GT Neo 3T,20999,64MP + 8MP + 2MP | 16MP Front Camera,6 GB RAM,128,16.81 cm (6.62 inch) Full HD+ AMOLED Display,Qualcomm Snapdragon 870,Drifting White,4.3
realme GT Neo 3T,20990,64MP + 8MP + 2MP | 16MP Front Camera,8 GB RAM,128,16.81 cm (6.62 inch) Full HD+ AMOLED Display,Qualcomm Snapdragon 870,Drifting White,4.3
realme NARZO 80 Pro 5G,25999,50MP Rear Camera,8 GB RAM,256,17.02 cm (6.7 inch) Display,,Nitro Orange,4.4
realme Gt 7T,33889,50MP + 50MP + 8MP | 32MP + 32MP Dual Front Camera,12 GB RAM,256,17.27 cm (6.8 inch) Full HD+ AMOLED Display,Dimensity,Racing Yellow,4.5
realme NARZO 70X 5G,14999,50MP Rear Camera | 8MP Front Camera,6 GB RAM,128,17.07 cm (6.72 inch) Display,Dimensity 6100+ 5G Chipset,ICE BLUE,4.3
realme 11 Pro 5G,23999,100MP (OIS) + 2MP | 16MP Front Camera,8 GB RAM,128,17.02 cm (6.7 inch) Full HD+ Display,Dimensity 7050,Sunrise Beige,4.4
realme P1 Pro 5G,16999,50MP + 8MP | 16MP Front Camera,8 GB RAM,256,17.02 cm (6.7 inch) Full HD+ Display,6 Gen 1,Parrot Blue,4.5
realme P1 Pro 5G,15999,50MP + 8MP | 16MP Front Camera,8 GB RAM,128,17.02 cm (6.7 inch) Full HD+ Display,6 Gen 1,Parrot Blue,4.5
realme Narzo 70 Pro 5G,17999,50MP Rear Camera,8 GB RAM,128,16.94 cm (6.67 inch) Display,,Green,4.4
realme 12 Pro 5G,19999,50MP + 8MP + 32MP | 16MP Front Camera,8 GB RAM,128,17.02 cm (6.7 inch) Full HD+ Display,Snapdragon 6 Gen 1,Navigator Beige,4.4
realme 12 Pro 5G,22999,50MP + 8MP + 32MP | 16MP Front Camera,12 GB RAM,256,17.02 cm (6.7 inch) Full HD+ Display,Snapdragon 6 Gen 1,Navigator Beige,4.4
realme GT 5G,40999,64MP + 8MP + 2MP | 16MP Front Camera,8 GB RAM,128,16.33 cm (6.43 inch) Full HD+ Display,Qualcomm Snapdragon 888,Dashing Silver,4.2
realme X50 Pro,41999,64MP + 12MP + 8MP + 2MP | 32MP + 8MP Dual Front Camera,8 GB RAM,128,16.36 cm (6.44 inch) Full HD+ Display,Qualcomm Snapdragon 865,Moss Green,4.4
realme GT Neo 3,25007,50MP + 8MP + 2MP | 16MP Front Camera,8 GB RAM,128,17.02 cm (6.7 inch) Full HD+ Display,Mediatek Dimensity 8100,Asphalt Black,4.2
realme GT 5G,24999,64MP + 8MP + 2MP | 16MP Front Camera,8 GB RAM,128,16.33 cm (6.43 inch) Full HD+ Display,Qualcomm Snapdragon 888,Dashing Blue,4.2
realme 10 Pro 5G,20999,108MP + 2MP | 16MP Front Camera,8 GB RAM,128,17.07 cm (6.72 inch) Full HD+ Display,Qualcomm Snapdragon 695 5G,Nebula Blue,4.3
realme GT Neo 3,38999,50MP + 8MP + 2MP | 16MP Front Camera,8 GB RAM,256,17.02 cm (6.7 inch) Full HD+ Display,Mediatek Dimensity 8100,White,4.2
realme 10 Pro 5G,18999,108MP + 2MP | 16MP Front Camera,6 GB RAM,128,17.07 cm (6.72 inch) Full HD+ Display,Qualcomm Snapdragon 695 5G,Blue,4.3
realme GT Neo 3,23990,50MP + 8MP + 2MP | 16MP Front Camera,8 GB RAM,256,17.02 cm (6.7 inch) Full HD+ Display,Mediatek Dimensity 8100,Asphalt Black,4.2
realme C67 5G,13999,50MP + 2MP | 8MP Front Camera,4 GB RAM,128,17.07 cm (6.72 inch) Full HD+ Display,Dimensity 6100+,Sunny Oasis,4.4
realme Narzo 30 Pro 5G,18599,48MP + 8MP + 2MP | 16MP Front Camera,6 GB RAM,64,16.51 cm (6.5 inch) Full HD+ Display,MediaTek Dimensity 800U,Sword Black,4.3
realme C67 5G,14999,50MP + 2MP | 8MP Front Camera,6 GB RAM,128,17.07 cm (6.72 inch) Full HD+ Display,Dimensity 6100+,Sunny Oasis,4.3
realme C67 5G,13999,50MP + 2MP | 8MP Front Camera,4 GB RAM,128,17.07 cm (6.72 inch) Full HD+ Display,Dimensity 6100+,Dark Purple,4.4
realme X7 Max,32999,64MP + 8MP + 2MP | 16MP Front Camera,12 GB RAM,256,120Hz Super AMOLED Display,MediaTek Dimensity 1200,Mercury Silver,4.3
realme 11 Pro+ 5G,29999,200MP (OIS) + 8MP + 2MP | 32MP Front Camera,12 GB RAM,256,17.02 cm (6.7 inch) Full HD+ Display,Dimensity 7050,Astral Black,4.4
realme GT Master Edition,25999,64MP + 8MP + 2MP | 32MP Front Camera,8 GB RAM,256,16.33 cm (6.43 inch) Full HD+ Display,Qualcomm Snapdragon 778G,Cosmos Black,4.4
realme GT Master Edition,21999,64MP + 8MP + 2MP | 32MP Front Camera,6 GB RAM,128,16.33 cm (6.43 inch) Full HD+ Display,Qualcomm Snapdragon 778G,Voyager Grey,4.4
realme 9 5G,18999,48MP + 2MP + 2MP | 16MP Front Camera,8 GB RAM,128,16.76 cm (6.6 inch) Full HD+ Display,Qualcomm Snapdragon 778G,Azure Glow,4.3
realme 9 Pro 5G,23999,64MP + 8MP + 2MP | 16MP Front Camera,8 GB RAM,128,16.76 cm (6.6 inch) Full HD+ Display,Qualcomm Snapdragon 695,Sunrise Blue,4.3
realme Narzo 50 Pro 5G,16990,48MP Rear Camera,8 GB RAM,128,16.26 cm (6.4 inch) Display,Dimensity 920 5G,Hyper Black,4.2
realme C61,6499,32MP Rear Camera | 5MP Front Camera,4 GB RAM,64,17.13 cm (6.745 inch) HD+ Display,T612,Safari Green,4.4
realme C61,8199,32MP Rear Camera | 5MP Front Camera,6 GB RAM,128,17.13 cm (6.745 inch) HD+ Display,T612,Marble Black,4.3
realme C61,8199,32MP Rear Camera | 5MP Front Camera,6 GB RAM,128,17.13 cm (6.745 inch) HD+ Display,T612,Safari Green,4.3
realme C61,6499,32MP Rear Camera | 5MP Front Camera,4 GB RAM,64,17.13 cm (6.745 inch) HD+ Display,T612,Marble Black,4.4
realme C71,7499,13MP Rear Camera | 5MP Front Camera,4 GB RAM,64,17.14 cm (6.75 inch) HD+ Display,T7250,Sea Blue,4.3
realme C71,7197,13MP Rear Camera | 5MP Front Camera,4 GB RAM,64,17.14 cm (6.75 inch) HD+ Display,T7250,Obsidian Black,4.3
realme C71,8699,13MP Rear Camera | 5MP Front Camera,6 GB RAM,128,17.14 cm (6.75 inch) HD+ Display,T7250,Sea Blue,4.2
realme C71,8699,13MP Rear Camera | 5MP Front Camera,6 GB RAM,128,17.14 cm (6.75 inch) HD+ Display,T7250,Obsidian Black,4.2
realme C20,7499,8MP Rear Camera | 5MP Front Camera,2 GB RAM,32,16.51 cm (6.5 inch) HD+ Display,MediaTek Helio G35,Cool Blue,4.4
realme Narzo 50i,7499,8MP Rear Camera | 5MP Front Camera,2 GB RAM,32,16.51 cm (6.5 inch) Display,SC9863A,Mint Green,4.5
realme C30s,6999,8MP Rear Camera | 5MP Front Camera,2 GB RAM,32,16.51 cm (6.5 inch) HD+ Display,Unisoc SC9863A/ Unisoc SC9863A1,Stripe Black,4.4
realme C21,7899,13MP + 2MP + 2MP | 5MP Front Camera,3 GB RAM,32,16.51 cm (6.5 inch) HD+ Display,MediaTek Helio G35,Cross Black,4.4
realme C30s,8499,8MP Rear Camera | 5MP Front Camera,4 GB RAM,64,16.51 cm (6.5 inch) HD+ Display,Unisoc SC9863A/ Unisoc SC9863A1,Stripe Blue,4.2
realme C21,10999,13MP + 2MP + 2MP | 5MP Front Camera,4 GB RAM,64,16.51 cm (6.5 inch) HD+ Display,MediaTek Helio G35,Cross Black,4.4
realme C11 2021,8999,8MP Rear Camera | 5MP Front Camera,4 GB RAM,64,16.51 cm (6.5 inch) HD+ Display,Octa-core,Cool Blue,4.3
realme C20,6799,8MP Rear Camera | 5MP Front Camera,2 GB RAM,32,16.51 cm (6.5 inch) HD+ Display,MediaTek Helio G35,Cool Grey,4.4
realme C3,7999,12MP + 2MP | 5MP Front Camera,3 GB RAM,32,16.56 cm (6.52 inch) HD+ Display,Helio G70,Volcano Grey,4.4
realme C30s,7490,8MP Rear Camera | 5MP Front Camera,2 GB RAM,32,16.51 cm (6.5 inch) HD+ Display,Unisoc SC9863A/ Unisoc SC9863A1,Stripe Blue,4.4
realme C11,6999,13MP + 2MP | 5MP Front Camera,2 GB RAM,32,16.51 cm (6.5 inch) HD+ Display,Mediatek Helio G35,Rich Grey,4.4
realme C11 2021,8399,8MP Rear Camera | 5MP Front Camera,4 GB RAM,64,16.51 cm (6.5 inch) HD+ Display,Octa-core,Cool Grey,4.3
realme C30s,9499,8MP Rear Camera | 5MP Front Camera,4 GB RAM,64,16.51 cm (6.5 inch) HD+ Display,Unisoc SC9863A/ Unisoc SC9863A1,Stripe Black,4.2
realme 5,12999,12MP + 8MP + 2MP + 2MP Quad Camera | 13MP Front Camera,4 GB RAM,128,16.51 cm (6.5 inch) HD+ Display,Qualcomm Snapdragon 665 2 GHz,Crystal Blue,4.4
realme C21Y,8499,13MP + 2MP + 2MP | 5MP Front Camera,4 GB RAM,64,16.51 cm (6.5 inch) HD+ Display,Unisoc T610,Cross Blue,4.5
realme C12,7649,13MP + 2MP + 2MP | 5MP Front Camera,3 GB RAM,32,16.56 cm (6.52 inch) HD+ Display,Mediatek Helio G35,Power Silver,4.4
realme C30,5999,8MP Rear Camera | 5MP Front Camera,2 GB RAM,32,16.51 cm (6.5 inch) HD+ Display,Unisoc T612,Denim Black,4.2
realme C30,7999,8MP Rear Camera | 5MP Front Camera,3 GB RAM,32,16.51 cm (6.5 inch) HD+ Display,Unisoc T612,Bamboo Green,4.1
realme C31,8999,13MP + 2MP + 0.3MP | 5MP Front Camera,4 GB RAM,64,16.56 cm (6.52 inch) HD Display,Unisoc T612,Light Silver,4.4
realme C30,7469,8MP Rear Camera | 5MP Front Camera,3 GB RAM,32,16.51 cm (6.5 inch) HD+ Display,Unisoc T612,Lake Blue,4.1
realme C31,8999,13MP + 2MP + 0.3MP | 5MP Front Camera,4 GB RAM,64,16.56 cm (6.52 inch) HD Display,Unisoc T612,Dark Green,4.4
realme C31,7999,13MP + 2MP + 0.3MP | 5MP Front Camera,3 GB RAM,32,16.56 cm (6.52 inch) HD Display,Unisoc T612,Dark Green,4.5
realme C33,9999,50MP + 0.3MP | 5MP Front Camera,4 GB RAM,64,16.51 cm (6.5 inch) HD+ Display,Unisoc T612,Aqua Blue,4.4
realme C33,9999,50MP + 0.3MP | 5MP Front Camera,4 GB RAM,64,16.51 cm (6.5 inch) HD+ Display,Unisoc T612,Sandy Gold,4.4
realme C33,8999,50MP + 0.3MP | 5MP Front Camera,3 GB RAM,32,16.51 cm (6.5 inch) HD+ Display,Unisoc T612,Aqua Blue,4.4
realme C51,9499,50MP + 0.08MP | 5MP Front Camera,4 GB RAM,128,17.12 cm (6.74 inch) HD Display,T612,Mint Green,4.3
realme C51,8999,50MP + 0.08MP | 5MP Front Camera,4 GB RAM,64,17.12 cm (6.74 inch) HD Display,T612,Mint Green,4.3
realme 15x 5G,19999,50MP Rear Camera | 50MP Front Camera,8 GB RAM,256,17.27 cm (6.8 inch) Display,Dimensity 6300 6nm Octa-core chipset,Aqua Blue,4.3
realme 15x 5G,19999,50MP Rear Camera | 50MP Front Camera,8 GB RAM,256,17.27 cm (6.8 inch) Display,Dimensity 6300 6nm Octa-core chipset,Maroon Red,4.3
realme P4 5G,20999,50MP + 8MP | 16MP Front Camera,8 GB RAM,256,17.2 cm (6.77 inch) Display,Mediatek Dimensity 7400,Engine Blue,4.4
realme P4 5G,20999,50MP + 8MP | 16MP Front Camera,8 GB RAM,256,17.2 cm (6.77 inch) Display,Mediatek Dimensity 7400,Forge Red,4.4
realme P3 5G,18499,50MP + 2MP | 16MP Front Camera,8 GB RAM,256,16.94 cm (6.67 inch) Full HD+ Display,6 Gen 4,Comet Grey,4.4
realme 14 Pro+ 5G,26999,50MP + 50MP + 8MP | 32MP Front Camera,12 GB RAM,256,17.35 cm (6.83 inch) Display,7s Gen 3 Mobile Platform,Bikaner Purple,4.4
realme 15T 5G,24999,50MP + 2MP | 50MP Front Camera,12 GB RAM,256,16.69 cm (6.57 inch) Full HD Display,MediaTek Dimensity 6400 MAX,Silk Blue,4.2
realme 15T 5G,24999,50MP + 2MP | 50MP Front Camera,12 GB RAM,256,16.69 cm (6.57 inch) Full HD Display,MediaTek Dimensity 6400 MAX,Suit Titanium,4.2
realme 15 Pro 5G,38999,50MP + 50MP | 50MP Front Camera,12 GB RAM,512,17.27 cm (6.8 inch) Display,Snapdragon 7 Gen 4,Silk Purple,4.3
realme 15 Pro 5G,38999,50MP + 50MP | 50MP Front Camera,12 GB RAM,512,17.27 cm (6.8 inch) Display,Snapdragon 7 Gen 4,Flowing Silver,4.3
realme 15 Pro 5G,33999,50MP + 50MP | 50MP Front Camera,8 GB RAM,256,17.27 cm (6.8 inch) Display,Snapdragon 7 Gen 4,Silk Purple,4.3
realme 15 Pro 5G,38999,50MP + 50MP | 50MP Front Camera,12 GB RAM,512,17.27 cm (6.8 inch) Display,Snapdragon 7 Gen 4,Velvet Green,4.3
realme 15 Pro 5G,31999,50MP + 50MP | 50MP Front Camera,8 GB RAM,128,17.27 cm (6.8 inch) Display,Snapdragon 7 Gen 4,Silk Purple,4.3
realme P4 Pro 5G,23999,50MP + 8MP | 50MP Front Camera,8 GB RAM,128,17.27 cm (6.8 inch) Display,Snapdragon 7 Gen 4 Mobile,Dark Oak Wood,4.4
realme P4 Pro 5G,27999,50MP + 8MP | 50MP Front Camera,12 GB RAM,256,17.27 cm (6.8 inch) Display,Snapdragon 7 Gen 4 Mobile,Midnight Ivy,4.4
realme Narzo 80 Pro 5G,22245,50MP Rear Camera,12 GB RAM,256,17.2 cm (6.77 inch) Display,,Speed Silver,4.4
realme 15 5G,29999,50MP + 8MP | 50MP Front Camera,12 GB RAM,256,17.27 cm (6.8 inch) Display,Mediatek Dimensity 7300+ 5G,Silk Pink,4.4
realme 15 5G,29999,50MP + 8MP | 50MP Front Camera,12 GB RAM,256,17.27 cm (6.8 inch) Display,Mediatek Dimensity 7300+ 5G,Velvet Green,4.4
realme Narzo N65 5G,10657,50MP Rear Camera,4 GB RAM,128,16.94 cm (6.67 inch) Display,,Amber Gold,4.3
realme P3 Pro 5G,23999,50MP + 2MP | 16MP Front Camera,12 GB RAM,256,17.35 cm (6.83 inch) Display,7s Gen 3 Mobile Platform,Galaxy Purple,4.4
realme NARZO N65 5G,11299,50MP Rear Camera,6 GB RAM,128,16.94 cm (6.67 inch) Display,,DEEP GREEN,4.3
realme 14 Pro 5G,26999,50MP + 2MP | 16MP Front Camera,8 GB RAM,256,17.2 cm (6.77 inch) Full HD+ Display,Dimensity 7300 Energy,Jaipur Pink,4.4
realme 70 TURBO 5G,14245,50MP Rear Camera,6 GB RAM,128,16.94 cm (6.67 inch) Full HD+ Display,Segment's Fastest Dimensity 7300 Energy 5G Chipset,Turbo Yellow,4.3
realme Narzo N65 5G,9980,50MP Rear Camera,4 GB RAM,128,16.94 cm (6.67 inch) Display,,Deep Green,4.3
realme 70 TURBO 5G,15120,50MP Rear Camera,8 GB RAM,128,16.94 cm (6.67 inch) Full HD+ Display,Segment's Fastest Dimensity 7300 Energy 5G Chipset,Turbo Purple,4.4
realme Narzo 80 Pro 5G,27899,50MP Rear Camera,12 GB RAM,256,17.2 cm (6.77 inch) Display,,Racing Green,4.4
realme Narzo N65 5G,11035,50MP Rear Camera,6 GB RAM,128,16.94 cm (6.67 inch) Display,,Deep Green,4.3
realme Narzo N65 5G,11890,50MP Rear Camera,8 GB RAM,128,16.94 cm (6.67 inch) Display,,Deep Green,4.2
realme 70 TURBO 5G,15270,50MP Rear Camera,8 GB RAM,128,16.94 cm (6.67 inch) Full HD+ Display,Segment's Fastest Dimensity 7300 Energy 5G Chipset,Yellow,4.4
realme 70 TURBO 5G,15435,50MP Rear Camera,8 GB RAM,128,16.94 cm (6.67 inch) Full HD+ Display,Segment's Fastest Dimensity 7300 Energy 5G Chipset,Turbo Green,4.4
realme 13 Pro+ 5G,28999,50MP + 8MP + 50MP | 32MP Front Camera,12 GB RAM,512,17.02 cm (6.7 inch) Full HD+ Display,Snapdragon 7s Gen2,Monet Purple,4.4
realme 13 Pro 5G,25000,50MP + 8MP + 2MP | 32MP Front Camera,12 GB RAM,512,17.02 cm (6.7 inch) Full HD+ Display,Snapdragon 7s Gen2,Monet Gold,4.3
realme 70 TURBO 5G,19390,50MP Rear Camera,12 GB RAM,256,16.94 cm (6.67 inch) Full HD+ Display,Segment's Fastest Dimensity 7300 Energy 5G Chipset,Turbo Purple,4.4
realme 70 TURBO 5G,18714,50MP Rear Camera,12 GB RAM,256,16.94 cm (6.67 inch) Full HD+ Display,Segment's Fastest Dimensity 7300 Energy 5G Chipset,Turbo Yellow,4.4
realme 13 Pro+ 5G,28999,50MP + 8MP + 50MP | 32MP Front Camera,12 GB RAM,512,17.02 cm (6.7 inch) Full HD+ Display,Snapdragon 7s Gen2,Monet Gold,4.4
realme 13 Pro 5G,25499,50MP + 8MP + 2MP | 32MP Front Camera,12 GB RAM,256,17.02 cm (6.7 inch) Full HD+ Display,Snapdragon 7s Gen2,Monet Gold,4.3
realme 13 Pro+ 5G,26999,50MP + 8MP + 50MP | 32MP Front Camera,12 GB RAM,256,17.02 cm (6.7 inch) Full HD+ Display,Snapdragon 7s Gen2,Emerald Green,4.4
realme 13+ 5G,26999,50MP + 2MP | 16MP Front Camera,12 GB RAM,256,16.94 cm (6.67 inch) Full HD+ Display,Dimensity 7300 Energy,Dark Purple,4.2
realme 12 Pro+ 5G,23999,50MP + 8MP + 64MP | 32MP Front Camera,12 GB RAM,256,17.02 cm (6.7 inch) Full HD+ Display,Snapdragon 7s Gen 2,Submarine Blue,4.5
realme 15 Pro 5G,44999,50MP + 50MP | 50MP Front Camera,12 GB RAM,512,17.27 cm (6.8 inch) Display,7 Gen 4,Dragonfire Black,4.7
realme 13 Pro+ 5G,28999,50MP + 8MP + 50MP | 32MP Front Camera,12 GB RAM,512,17.02 cm (6.7 inch) Full HD+ Display,Snapdragon 7s Gen2,Emerald Green,4.4
realme X7 Pro 5G,13999,64MP + 8MP + 2MP + 2MP | 32MP Front Camera,8 GB RAM,128,120 Hz sAmoled Display|65W SuperDart Charging,MediaTek Dimensity 1000 Plus,Fantasy,4.2
realme C65 5G,12487,50MP Rear Camera | 8MP Front Camera,8 GB RAM,128,16.94 cm (6.67 inch) HD+ Display,Dimensity 6300,Speedy Red,4.3
realme GT 6T 5G,30999,50MP Rear Camera,12 GB RAM,512,17.22 cm (6.78 inch) Display,,Razor Green,4.5
realme GT 6T 5G,30999,50MP Rear Camera,12 GB RAM,512,17.22 cm (6.78 inch) Display,,Razor Green,4.5
realme P2 Pro 5G,19999,50MP + 8MP | 32MP Front Camera,12 GB RAM,256,17.02 cm (6.7 inch) Full HD+ Display,7s Gen2,Parrot Green,4.4
realme 13 Pro+ 5G,22499,50MP + 8MP + 50MP | 32MP Front Camera,12 GB RAM,256,17.02 cm (6.7 inch) Full HD+ Display,Snapdragon 7s Gen2,Monet Purple,4.4
realme GT 6T 5G,23499,50MP Rear Camera,8 GB RAM,128,17.22 cm (6.78 inch) Display,,Razor Green,4.5
realme 12 5G,15249,108MP + 2MP | 8MP Front Camera,8 GB RAM,128,17.07 cm (6.72 inch) Full HD+ Display,Dimensity 6100+,Twilight Purple,4.3
realme 12 Pro+ 5G,21999,50MP + 8MP + 64MP | 32MP Front Camera,8 GB RAM,128,17.02 cm (6.7 inch) Full HD+ Display,Snapdragon 7s Gen 2,Navigator Beige,4.4
realme 12 Pro+ 5G,21999,50MP + 8MP + 64MP | 32MP Front Camera,8 GB RAM,128,17.02 cm (6.7 inch) Full HD+ Display,Snapdragon 7s Gen 2,Explorer Red,4.4
realme C65 5G,10499,50MP Rear Camera | 8MP Front Camera,4 GB RAM,64,16.94 cm (6.67 inch) HD+ Display,Dimensity 6300,Feather Green,4.2
realme C65 5G,11300,50MP Rear Camera | 8MP Front Camera,6 GB RAM,128,16.94 cm (6.67 inch) HD+ Display,Dimensity 6300,Feather Green,4.3
realme P1 Speed 5G,14499,50MP + 2MP | 16MP Front Camera,8 GB RAM,128,16.94 cm (6.67 inch) Full HD+ Display,Dimensity 7300 Energy,Brushed Blue,4.3
realme C65 5G,11499,50MP Rear Camera | 8MP Front Camera,4 GB RAM,64,16.94 cm (6.67 inch) HD+ Display,Dimensity 6300,Speedy Red,4.2
realme P1 Speed 5G,19999,50MP + 2MP | 16MP Front Camera,8 GB RAM,256,16.94 cm (6.67 inch) Full HD+ Display,Dimensity 7300 Energy,Brushed Blue,4.3
realme P1 Speed 5G,19990,50MP + 2MP | 16MP Front Camera,8 GB RAM,256,16.94 cm (6.67 inch) Full HD+ Display,Dimensity 7300 Energy,Textured Titanium,4.3
realme C65 5G,9300,50MP Rear Camera | 8MP Front Camera,4 GB RAM,64,16.94 cm (6.67 inch) HD+ Display,Dimensity 6300,Glowing Black,4.2
realme C65 5G,10078,50MP Rear Camera | 8MP Front Camera,4 GB RAM,128,16.94 cm (6.67 inch) HD+ Display,Dimensity 6300,Glowing Black,4.2
realme P2 Pro 5G,19999,50MP + 8MP | 32MP Front Camera,12 GB RAM,256,17.02 cm (6.7 inch) Full HD+ Display,7s Gen2,Eagle Grey,4.4
realme 12+ 5G,16999,50MP + 8MP + 2MP | 16MP Front Camera,8 GB RAM,256,16.94 cm (6.67 inch) Full HD+ Display,Dimensity 7050,Navigator Beige,4.3
realme 12x 5G,13499,50MP + 2MP | 8MP Front Camera,8 GB RAM,128,17.07 cm (6.72 inch) Full HD+ Display,Dimensity 6100+,Coral Red,4.4
realme narzo 50 5G,17999,48MP Rear Camera,4 GB RAM,64,16.76 cm (6.6 inch) Display,,Hyper Blue,4.3
realme narzo 50 5G,19999,48MP Rear Camera,6 GB RAM,128,16.76 cm (6.6 inch) Display,,Hyper Blue,4.3
realme narzo 50 5G,19999,48MP Rear Camera,6 GB RAM,128,16.76 cm (6.6 inch) Display,,Hyper Black,4.3
realme 12x 5G,12499,50MP + 2MP | 8MP Front Camera,6 GB RAM,128,17.07 cm (6.72 inch) Full HD+ Display,Dimensity 6100+,Coral Red,4.4
realme 13 Pro 5G,25480,50MP + 8MP + 2MP | 32MP Front Camera,12 GB RAM,256,17.02 cm (6.7 inch) Full HD+ Display,Snapdragon 7s Gen2,Monet Purple,4.3
realme 14T 5G,19999,50MP + 2MP | 16MP Front Camera,8 GB RAM,256,16.94 cm (6.67 inch) Full HD+ Display,Dimensity 6300,Lightning Purple,4.2
realme P2 Pro 5G,23999,50MP + 8MP | 32MP Front Camera,12 GB RAM,512,17.02 cm (6.7 inch) Full HD+ Display,7s Gen2,Eagle Grey,4.4
realme 12 Pro+ 5G,21999,50MP + 8MP + 64MP | 32MP Front Camera,8 GB RAM,128,17.02 cm (6.7 inch) Full HD+ Display,Snapdragon 7s Gen 2,Submarine Blue,4.4
realme C65 5G,9870,50MP Rear Camera | 8MP Front Camera,4 GB RAM,128,16.94 cm (6.67 inch) HD+ Display,Dimensity 6300,Feather Green,4.2
realme C65 5G,11480,50MP Rear Camera | 8MP Front Camera,6 GB RAM,128,16.94 cm (6.67 inch) HD+ Display,Dimensity 6300,Speedy Red,4.3
realme C65 5G,10580,50MP Rear Camera | 8MP Front Camera,4 GB RAM,128,16.94 cm (6.67 inch) HD+ Display,Dimensity 6300,Speedy Red,4.2
realme Narzo 30 5G,9999,48MP + 2MP + 2MP | 16MP Front Camera,4 GB RAM,64,16.51 cm (6.5 inch) Full HD+ Display,MediaTek Dimensity 700 (MT6833),Racing Silver,4.3
realme P1 5G,15999,50MP + 2MP | 16MP Front Camera,8 GB RAM,256,16.94 cm (6.67 inch) Full HD+ Display,Dimensity 7050,Phoenix Red,4.4
realme P2 Pro 5G,23999,50MP + 8MP | 32MP Front Camera,12 GB RAM,512,17.02 cm (6.7 inch) Full HD+ Display,7s Gen2,Parrot Green,4.4
realme P1 5G,15999,50MP + 2MP | 16MP Front Camera,8 GB RAM,256,16.94 cm (6.67 inch) Full HD+ Display,Dimensity 7050,Feather Blue,4.4
realme P1 5G,15999,50MP + 2MP | 16MP Front Camera,8 GB RAM,256,16.94 cm (6.67 inch) Full HD+ Display,Dimensity 7050,Peacock Green,4.4
realme Narzo 30 5G,17999,48MP + 2MP + 2MP | 16MP Front Camera,6 GB RAM,128,16.51 cm (6.5 inch) Full HD+ Display,MediaTek Dimensity 700 (MT6833),Racing Silver,4.4
realme narzo 50 5G,11803,48MP Rear Camera,4 GB RAM,128,16.76 cm (6.6 inch) Display,,Hyper Black,4.3
realme GT Neo 3T,33999,64MP + 8MP + 2MP | 16MP Front Camera,8 GB RAM,256,16.81 cm (6.62 inch) Full HD+ AMOLED Display,Qualcomm Snapdragon 870,Shade Black,4.3
realme 13 5G,20999,50MP + 2MP | 16MP Front Camera,12 GB RAM,256,17.07 cm (6.72 inch) Full HD+ Display,Dimensity 6300,Speed Green,
realme GT Neo 3T,31999,64MP + 8MP + 2MP | 16MP Front Camera,8 GB RAM,128,16.81 cm (6.62 inch) Full HD+ AMOLED Display,Qualcomm Snapdragon 870,Shade Black,4.3
realme 13 5G,20999,50MP + 2MP | 16MP Front Camera,12 GB RAM,256,17.07 cm (6.72 inch) Full HD+ Display,Dimensity 6300,Dark Purple,
realme 12x 5G,11999,50MP + 2MP | 8MP Front Camera,4 GB RAM,128,17.07 cm (6.72 inch) Full HD+ Display,Dimensity 6100+,Coral Red,4.1
realme NARZO 70X 5G,12668,50MP Rear Camera,8 GB RAM,128,17.07 cm (6.72 inch) Display,"Dimensity 6100 Plus, Octa Core",Ice Blue,4.3
realme 14T 5G,16999,50MP Rear Camera,8 GB RAM,128,19.48 cm (7.67 inch) Display,,OBSIDIAN BLACK,4.2
realme NARZO 80 Pro 5G,20599,50MP Rear Camera,8 GB RAM,256,17.02 cm (6.7 inch) Display,,Nitro Orange,4.4
realme Narzo 30 5G,13999,48MP + 2MP + 2MP | 16MP Front Camera,6 GB RAM,128,16.51 cm (6.5 inch) Full HD+ Display,MediaTek Dimensity 700 (MT6833),Racing Blue,4.4
realme 8 5G,16000,48MP + 2MP + 2MP | 16MP Front Camera,8 GB RAM,128,16.51 cm (6.5 inch) Full HD+ Display,MediaTek Dimensity 700 (MT6833),Supersonic Black,4.4
realme NARZO 80 Pro 5G,27999,50MP Rear Camera,12 GB RAM,256,17.02 cm (6.7 inch) Display,,Nitro Orange,4.4
realme NARZO 70X 5G,10999,50MP Rear Camera | 8MP Front Camera,4 GB RAM,128,17.07 cm (6.72 inch) Display,Dimensity 6100+ 5G Chipset,FOREST GREEN,4
realme NARZO 70X 5G,10999,50MP Rear Camera | 8MP Front Camera,4 GB RAM,128,17.07 cm (6.72 inch) Display,Dimensity 6100+ 5G Chipset,FOREST GREEN,4
realme NARZO 70X 5G,12741,50MP Rear Camera,8 GB RAM,128,17.07 cm (6.72 inch) Display,"Dimensity 6100 Plus, Octa Core",Forest Green,4.3
realme NARZO 70X 5G,10999,50MP Rear Camera | 8MP Front Camera,4 GB RAM,128,17.07 cm (6.72 inch) Display,Dimensity 6100+ 5G Chipset,ICE BLUE,4
realme 8 5G,9899,48MP + 2MP + 2MP | 16MP Front Camera,4 GB RAM,128,16.51 cm (6.5 inch) Full HD+ Display,MediaTek Dimensity 700 (MT6833),Supersonic Blue,4.3
realme NARZO 70X 5G,11966,50MP Rear Camera | 8MP Front Camera,6 GB RAM,128,17.07 cm (6.72 inch) Display,Dimensity 6100+ 5G Chipset,FOREST GREEN,4.3
realme Narzo 60 5G,13982,64MP Rear Camera,8 GB RAM,128,16.33 cm (6.43 inch) Display,,Cosmic Black,4.3
realme Narzo 60x 5G,11489,50MP Rear Camera,4 GB RAM,128,17.07 cm (6.72 inch) Display,,Stellar Green,4.3
realme Narzo 60 pro 5G,20415,100MP Rear Camera | 2MP Front Camera,8 GB RAM,128,17.02 cm (6.7 inch) Full HD+ Display,octa -core Mediatek Dimensity 7050 processor,?Cosmic Black,4.3
realme Narzo 60 Pro 5G,21900,100MP Rear Camera,12 GB RAM,,17.02 cm (6.7 inch) Display,,Orange,4.3
realme Narzo 60 Pro 5G,28391,100MP Rear Camera,12 GB RAM,256,17.02 cm (6.7 inch) Display,,Mars Orange,4.3
realme 9 Pro+ 5G,20999,50MP + 8MP + 2MP | 16MP Front Camera,8 GB RAM,128,16.26 cm (6.4 inch) Full HD+ AMOLED Display,Mediatek Dimensity 920,Sunrise Blue,4.4
realme 9 Pro+ 5G,20999,50MP + 8MP + 2MP | 16MP Front Camera,8 GB RAM,128,16.26 cm (6.4 inch) Full HD+ AMOLED Display,Mediatek Dimensity 920,Aurora Green,4.4
realme 9 Pro+ 5G,18999,50MP + 8MP + 2MP | 16MP Front Camera,6 GB RAM,128,16.26 cm (6.4 inch) Full HD+ AMOLED Display,Mediatek Dimensity 920,Aurora Green,4.4
realme 9 Pro+ 5G,18999,50MP + 8MP + 2MP | 16MP Front Camera,6 GB RAM,128,16.26 cm (6.4 inch) Full HD+ AMOLED Display,Mediatek Dimensity 920,Sunrise Blue,4.4
realme 9 Pro+ 5G,22999,50MP + 8MP + 2MP | 16MP Front Camera,8 GB RAM,256,16.26 cm (6.4 inch) Full HD+ AMOLED Display,Mediatek Dimensity 920,Midnight Black,4.4
realme 9 Pro+ 5G,22999,50MP + 8MP + 2MP | 16MP Front Camera,8 GB RAM,256,16.26 cm (6.4 inch) Full HD+ AMOLED Display,Mediatek Dimensity 920,Sunrise Blue,4.4
realme 11 Pro 5G,24999,100MP (OIS) + 2MP | 16MP Front Camera,8 GB RAM,256,17.02 cm (6.7 inch) Full HD+ Display,Dimensity 7050,Oasis Green,4.4
realme 11 Pro 5G,24999,100MP (OIS) + 2MP | 16MP Front Camera,8 GB RAM,256,17.02 cm (6.7 inch) Full HD+ Display,Dimensity 7050,Sunrise Beige,4.4
realme 11 Pro 5G,23999,100MP (OIS) + 2MP | 16MP Front Camera,8 GB RAM,128,17.02 cm (6.7 inch) Full HD+ Display,Dimensity 7050,Astral Black,4.4
realme 11 Pro 5G,27999,100MP (OIS) + 2MP | 16MP Front Camera,12 GB RAM,256,17.02 cm (6.7 inch) Full HD+ Display,Dimensity 7050,Astral Black,4.4
realme 11 Pro 5G,27999,100MP (OIS) + 2MP | 16MP Front Camera,12 GB RAM,256,17.02 cm (6.7 inch) Full HD+ Display,Dimensity 7050,Sunrise Beige,4.4
realme 11 Pro 5G,27999,100MP (OIS) + 2MP | 16MP Front Camera,12 GB RAM,256,17.02 cm (6.7 inch) Full HD+ Display,Dimensity 7050,Oasis Green,4.4
realme 11 Pro 5G,23999,100MP (OIS) + 2MP | 16MP Front Camera,8 GB RAM,128,17.02 cm (6.7 inch) Full HD+ Display,Dimensity 7050,Oasis Green,4.4
realme Narzo 60 5G,14123,64MP Rear Camera,8 GB RAM,128,16.33 cm (6.43 inch) Display,,Mars Orange,4.3
realme 9 Pro+ 5G,16999,50MP + 8MP + 2MP | 16MP Front Camera,8 GB RAM,128,16.26 cm (6.4 inch) Full HD+ AMOLED Display,Mediatek Dimensity 920,Midnight Black,4.4
realme Narzo 70 Pro 5G,17999,50MP Rear Camera,8 GB RAM,256,16.94 cm (6.67 inch) Display,,Glass Green,4.4
realme Narzo 60 Pro 5G,21628,100MP Rear Camera,8 GB RAM,128,17.02 cm (6.7 inch) Full HD+ E3 Super AMOLED Display,Mrdiatek,Mars orange,4.3
realme P1 Pro 5G,17999,50MP + 8MP | 16MP Front Camera,12 GB RAM,256,17.02 cm (6.7 inch) Full HD+ Display,6 Gen 1,Phoenix Red,4.4
realme P1 Pro 5G,17999,50MP + 8MP | 16MP Front Camera,12 GB RAM,256,17.02 cm (6.7 inch) Full HD+ Display,6 Gen 1,Parrot Blue,4.4
realme Narzo 60 pro 5G,20415,100MP Rear Camera | 2MP Front Camera,8 GB RAM,128,17.02 cm (6.7 inch) Full HD+ Display,octa -core Mediatek Dimensity 7050 processor,?Cosmic Black,4.3
realme Narzo 60 Pro 5G,28998,100MP Rear Camera,12 GB RAM,,17.02 cm (6.7 inch) Display,,Cosmic Black,4.3
realme P1 Pro 5G,15999,50MP + 8MP | 16MP Front Camera,8 GB RAM,128,17.02 cm (6.7 inch) Full HD+ Display,6 Gen 1,Phoenix Red,4.5
realme P1 Pro 5G,16999,50MP + 8MP | 16MP Front Camera,8 GB RAM,256,17.02 cm (6.7 inch) Full HD+ Display,6 Gen 1,Phoenix Red,4.5
realme Narzo 60 Pro 5G,28391,100MP Rear Camera,12 GB RAM,256,17.02 cm (6.7 inch) Display,,Mars Orange,4.3
realme 9 Pro+ 5G,19940,50MP + 8MP + 2MP | 16MP Front Camera,8 GB RAM,256,16.26 cm (6.4 inch) Full HD+ AMOLED Display,Mediatek Dimensity 920,Aurora Green,4.4
realme 10 Pro 5G,20999,108MP + 2MP | 16MP Front Camera,8 GB RAM,128,17.07 cm (6.72 inch) Full HD+ Display,Qualcomm Snapdragon 695 5G,Coca Cola Edition) (Black and Red,4.5
realme 11x 5G,14999,64MP + 2MP | 8MP Front Camera,6 GB RAM,128,17.07 cm (6.72 inch) Full HD+ Display,Dimensity 6100+,Purple Dawn,4.4
realme 11x 5G,15999,64MP + 2MP | 8MP Front Camera,8 GB RAM,128,17.07 cm (6.72 inch) Full HD+ Display,Dimensity 6100+,Purple Dawn,4.4
realme 11x 5G,14999,64MP + 2MP | 8MP Front Camera,6 GB RAM,128,17.07 cm (6.72 inch) Full HD+ Display,Dimensity 6100+,Midnight Black,4.4
realme narzo 70 5G,13628,50MP Rear Camera,6 GB RAM,128,16.94 cm (6.67 inch) Full HD+ AMOLED Display,,Ice Blue,4.3
realme NARZO 70 5G,14799,50MP Rear Camera | 16MP Front Camera,8 GB RAM,128,16.94 cm (6.67 inch) Full HD+ AMOLED Display,,ICE BLUE,4.3
realme NARZO 70 5G,15134,50MP Rear Camera | 16MP Front Camera,8 GB RAM,128,16.94 cm (6.67 inch) Full HD+ AMOLED Display,,FOREST GREEN,4.3
realme 9 Pro+ 5G,12999,50MP + 8MP + 2MP | 16MP Front Camera,6 GB RAM,128,16.26 cm (6.4 inch) Full HD+ AMOLED Display,Mediatek Dimensity 920,Midnight Black,4.4
realme narzo 70 5G,14226,50MP Rear Camera,6 GB RAM,128,16.94 cm (6.67 inch) Full HD+ AMOLED Display,,Forest Green,4.3
realme X50 Pro 5G,47999,64MP + 12MP + 8MP + 2MP | 32MP + 8MP Dual Front Camera,12 GB RAM,256,16.36 cm (6.44 inch) Full HD+ Display,Qualcomm Snapdragon 865,Rust Red,4.4
realme 10 Pro+ 5G,27999,108MP + 8MP + 2MP | 16MP Front Camera,8 GB RAM,256,17.02 cm (6.7 inch) Full HD+ Display,Mediatek Dimensity 1080 5G,Hyperspace,4.4
realme 10 Pro+ 5G,27999,108MP + 8MP + 2MP | 16MP Front Camera,8 GB RAM,256,17.02 cm (6.7 inch) Full HD+ Display,Mediatek Dimensity 1080 5G,Dark Matter,4.4
realme 10 Pro+ 5G,25999,108MP + 8MP + 2MP | 16MP Front Camera,8 GB RAM,128,17.02 cm (6.7 inch) Full HD+ Display,Mediatek Dimensity 1080 5G,Dark Matter,4.4
realme 10 Pro+ 5G,24500,108MP + 8MP + 2MP | 16MP Front Camera,8 GB RAM,128,17.02 cm (6.7 inch) Full HD+ Display,Mediatek Dimensity 1080 5G,Nebula Blue,4.4
realme Narzo 60 pro 5G,24990,100MP Rear Camera,12 GB RAM,256,17.02 cm (6.7 inch) Display,,Cosmic Black,4.3
realme 10 Pro+ 5G,21999,108MP + 8MP + 2MP | 16MP Front Camera,6 GB RAM,128,17.02 cm (6.7 inch) Full HD+ Display,Mediatek Dimensity 1080 5G,Nebula Blue,4.4
realme 11x 5G,12490,64MP + 2MP | 8MP Front Camera,8 GB RAM,128,17.07 cm (6.72 inch) Full HD+ Display,Dimensity 6100+,Midnight Black,4.4
realme 10 Pro+ 5G,22499,108MP + 8MP + 2MP | 16MP Front Camera,6 GB RAM,128,17.02 cm (6.7 inch) Full HD+ Display,Mediatek Dimensity 1080 5G,Hyperspace,4.4
realme 10 Pro+ 5G,13999,108MP + 8MP + 2MP | 16MP Front Camera,6 GB RAM,128,17.02 cm (6.7 inch) Full HD+ Display,Mediatek Dimensity 1080 5G,Dark Matter,4.4
realme 10 Pro+ 5G,17499,108MP + 8MP + 2MP | 16MP Front Camera,8 GB RAM,128,17.02 cm (6.7 inch) Full HD+ Display,Mediatek Dimensity 1080 5G,Hyperspace,4.4
realme 10 Pro+ 5G,27999,108MP + 8MP + 2MP | 16MP Front Camera,8 GB RAM,256,17.02 cm (6.7 inch) Full HD+ Display,Mediatek Dimensity 1080 5G,Nebula Blue,4.4
realme Narzo 60X 5G,11925,50MP Rear Camera,6 GB RAM,128,17.07 cm (6.72 inch) Display,,Stellar Green,4.3
realme Narzo 60X 5G,12493,50MP Rear Camera,6 GB RAM,128,17.07 cm (6.72 inch) Display,mediatek dimensity 6100 plus processor,Nebula Purple,4.3
realme Narzo 60X 5G,11141,50MP Rear Camera | 2.07MP Front Camera,4 GB RAM,128,17.07 cm (6.72 inch) Display,,Nebla Purple,4.3
realme 12 Pro 5G,19999,50MP + 8MP + 32MP | 16MP Front Camera,8 GB RAM,128,17.02 cm (6.7 inch) Full HD+ Display,Snapdragon 6 Gen 1,Submarine Blue,4.4
realme 12 Pro 5G,20999,50MP + 8MP + 32MP | 16MP Front Camera,8 GB RAM,256,17.02 cm (6.7 inch) Full HD+ Display,Snapdragon 6 Gen 1,Navigator Beige,4.4
realme X50 Pro,41999,64MP + 12MP + 8MP + 2MP | 32MP + 8MP Dual Front Camera,8 GB RAM,128,16.36 cm (6.44 inch) Full HD+ Display,Qualcomm Snapdragon 865,Rust Red,4.4
realme X50 Pro,47999,64MP + 12MP + 8MP + 2MP | 32MP + 8MP Dual Front Camera,12 GB RAM,256,16.36 cm (6.44 inch) Full HD+ Display,Qualcomm Snapdragon 865,Moss Green,4.4
realme GT 5G,43999,64MP + 8MP + 2MP | 16MP Front Camera,12 GB RAM,256,16.33 cm (6.43 inch) Full HD+ Display,Qualcomm Snapdragon 888,Racing Yellow,4.3
realme 12 Pro 5G,22999,50MP + 8MP + 32MP | 16MP Front Camera,12 GB RAM,256,17.02 cm (6.7 inch) Full HD+ Display,Snapdragon 6 Gen 1,Submarine Blue,4.4
realme 10 Pro 5G,18999,108MP + 2MP | 16MP Front Camera,6 GB RAM,128,17.07 cm (6.72 inch) Full HD+ Display,Qualcomm Snapdragon 695 5G,Dark Matter,4.3
realme 10 Pro 5G,19999,108MP + 2MP | 16MP Front Camera,8 GB RAM,128,17.07 cm (6.72 inch) Full HD+ Display,Qualcomm Snapdragon 695 5G,Dark Matter,4.3
realme GT 2 Pro,29999,50MP + 50MP + 2MP | 32MP Front Camera,12 GB RAM,256,17.02 cm (6.7 inch) Quad HD Display,Qualcomm Snapdragon 8 Gen 1 Mobile Platform,Paper White,4.3
realme 10 Pro 5G,12999,108MP + 2MP | 16MP Front Camera,6 GB RAM,128,17.07 cm (6.72 inch) Full HD+ Display,Qualcomm Snapdragon 695 5G,Hyperspace,4.3
realme GT 2 Pro,21999,50MP + 50MP + 2MP | 32MP Front Camera,8 GB RAM,128,17.02 cm (6.7 inch) Quad HD Display,Qualcomm Snapdragon 8 Gen 1 Mobile Platform,Paper Green,4.2
realme GT 2 Pro,21999,50MP + 50MP + 2MP | 32MP Front Camera,8 GB RAM,128,17.02 cm (6.7 inch) Quad HD Display,Qualcomm Snapdragon 8 Gen 1 Mobile Platform,Paper White,4.2
realme GT 2 Pro,21999,50MP + 50MP + 2MP | 32MP Front Camera,8 GB RAM,128,17.02 cm (6.7 inch) Quad HD Display,Qualcomm Snapdragon 8 Gen 1 Mobile Platform,Steel Black,4.2
